<?xml version="1.0" encoding="UTF-8"?>
<project-private xmlns="http://www.netbeans.org/ns/project-private/1">
    <editor-bookmarks xmlns="http://www.netbeans.org/ns/editor-bookmarks/2" lastBookmarkId="0"/>
    <open-files xmlns="http://www.netbeans.org/ns/projectui-open-files/2">
        <group>
            <file>file:/C:/Users/LFM/Desktop/projects/dsa%20project%20infinty/src/AccountDetails.java</file>
            <file>file:/C:/Users/LFM/Desktop/projects/dsa%20project%20infinty/src/RegistrationPage.java</file>
            <file>file:/C:/Users/LFM/Desktop/projects/dsa%20project%20infinty/src/menu.java</file>
            <file>file:/C:/Users/LFM/Desktop/projects/dsa%20project%20infinty/src/loginpage.java</file>
            <file>file:/C:/Users/LFM/Desktop/projects/dsa%20project%20infinty/src/Reservation.java</file>
            <file>file:/C:/Users/LFM/Desktop/projects/dsa%20project%20infinty/src/MainClass.java</file>
            <file>file:/C:/Users/LFM/Desktop/projects/dsa%20project%20infinty/src/Ticket.java</file>
        </group>
    </open-files>
</project-private>
